,precision,recall,f1-score,support
0,0.8498985801217038,0.838,0.8439073514602216,1000.0
1,0.9929006085192698,0.979,0.985901309164149,1000.0
2,0.831081081081081,0.861,0.8457760314341848,1000.0
3,0.8618421052631579,0.917,0.8885658914728682,1000.0
4,0.880184331797235,0.764,0.8179871520342611,1000.0
5,0.9866666666666667,0.962,0.9741772151898734,1000.0
6,0.6873184898354308,0.71,0.6984751598622725,1000.0
7,0.9295908658420552,0.977,0.9527059970745977,1000.0
8,0.9639376218323586,0.989,0.9763079960513326,1000.0
9,0.9764102564102564,0.952,0.9640506329113924,1000.0
accuracy,0.8949,0.8949,0.8949,0.8949
macro avg,0.8959830607369215,0.8948999999999998,0.8947854736655154,10000.0
weighted avg,0.8959830607369215,0.8949,0.8947854736655154,10000.0
