,precision,recall,f1-score,support
0,0.8716417910447761,0.876,0.8738154613466333,1000.0
1,0.9959141981613892,0.975,0.9853461344113188,1000.0
2,0.8934010152284264,0.88,0.8866498740554157,1000.0
3,0.9007782101167315,0.926,0.9132149901380672,1000.0
4,0.867195242814668,0.875,0.8710801393728222,1000.0
5,0.9898477157360406,0.975,0.982367758186398,1000.0
6,0.7591463414634146,0.747,0.753024193548387,1000.0
7,0.9504373177842566,0.978,0.9640216855593888,1000.0
8,0.9801587301587301,0.988,0.9840637450199202,1000.0
9,0.9757085020242915,0.964,0.9698189134808852,1000.0
accuracy,0.9184,0.9184,0.9184,0.9184
macro avg,0.9184229064532724,0.9184000000000001,0.9183402895119237,10000.0
weighted avg,0.9184229064532725,0.9184,0.9183402895119238,10000.0
